BLOCK_SIZE, BANDWIDTH
1, 1.085445
2, 1.926078
5, 2.433577
8, 2.344326
10, 2.178848
20, 1.987158
