BLOCK_SIZE, BANDWIDTH
1, 2.173694
2, 3.887502
5, 4.887938
8, 4.713739
10, 4.372294
20, 3.979087
