BLOCK_SIZE, BANDWIDTH
1, 3.100392
2, 5.457758
5, 6.726734
8, 6.589917
10, 6.196153
20, 5.677387
25, 5.460324
40, 4.788318
50, 4.671153
100, 4.511045
