BLOCK_SIZE, BANDWIDTH
1, 1.574270
2, 2.857012
5, 3.536810
8, 3.384900
10, 3.113909
20, 2.964126
25, 2.848434
40, 2.539001
50, 2.433855
100, 2.340493
