BLOCK_SIZE, TIME
1, 7019.749000
2, 3925.088000
5, 3121.723000
8, 3237.088000
10, 3489.882000
20, 3834.746000
