BLOCK_SIZE, TIME
1, 4921.567000
2, 2795.798000
5, 2268.380000
8, 2315.475000
10, 2462.623000
20, 2687.643000
25, 2794.484000
40, 3186.670000
50, 3266.600000
100, 3382.540000
