BLOCK_SIZE, TIME
1, 7028.817000
2, 3961.104000
5, 3135.054000
8, 3254.409000
10, 3501.572000
20, 3839.349000
